noc_code,noc_name,num_athletes,num_bronze,num_gold,num_silver
AFG,Afghanistan,5,0,0,0
ALB,Albania,9,0,0,0
ALG,Algeria,44,0,0,0
AND,Andorra,2,0,0,0
ANG,Angola,20,0,0,0
ANT,Antigua and Barbuda,6,0,0,0
ARG,Argentina,174,1,0,0
ARM,Armenia,17,2,0,2
ARU,Aruba,3,0,0,0
ASA,American Samoa,6,0,0,0
AUS,Australia,478,19,17,6
AUT,Austria,60,5,1,1
AZE,Azerbaijan,44,3,0,0
BAH,Bahamas,16,0,1,0
BAN,Bangladesh,6,0,0,0
BAR,Barbados,8,0,0,0
BDI,Burundi,6,0,0,0
BEL,Belgium,121,1,3,1
BEN,Benin,7,0,0,0
BER,Bermuda,2,0,1,0
BHU,Bhutan,4,0,0,0
BIH,Bosnia and Herzegovina,7,0,0,0
BIZ,Belize,3,0,0,0
BLR,Belarus,101,1,1,1
BOL,Bolivia,5,0,0,0
BOT,Botswana,13,0,0,0
BRA,Brazil,302,8,4,4
BRN,Bahrain,32,0,0,0
BRU,Brunei,2,0,0,0
BUL,Bulgaria,42,2,1,1
BUR,Burkina Faso,7,1,0,0
CAF,Central African Republic,2,0,0,0
CAM,Cambodia,3,0,0,0
CAN,Canada,370,9,5,5
CAY,Cayman Islands,5,0,0,0
CGO,Republic of the Congo,3,0,0,0
CHA,Chad,3,0,0,0
CHI,Chile,57,0,0,0
CHN,China,406,16,34,24
CIV,Ivory Coast,28,1,0,0
CMR,Cameroon,12,0,0,0
COD,Democratic Republic of the Congo,7,0,0,0
COK,Cook Islands,6,0,0,0
COL,Colombia,71,1,0,3
COM,Comoros,3,0,0,0
CPV,Cape Verde,6,0,0,0
CRC,Costa Rica,12,0,0,0
CRO,Croatia,59,2,3,3
CUB,Cuba,68,4,5,3
CYP,Cyprus,13,0,0,0
CZE,Czech Republic,115,2,4,3
DEN,Denmark,105,4,2,2
DJI,Djibouti,4,0,0,0
DMA,Dominica,2,0,0,0
DOM,Dominican Republic,60,1,0,2
EOR,Refugee Olympic Team,29,0,0,0
ECU,Ecuador,41,0,2,1
EGY,Egypt,133,3,0,0
ERI,Eritrea,13,0,0,0
ESA,El Salvador,5,0,0,0
ESP,Spain,320,5,3,4
EST,Estonia,33,1,1,0
ETH,Ethiopia,36,1,1,1
FIJ,Fiji,29,1,1,0
FIN,Finland,30,2,0,0
FRA,France,398,9,7,11
FSM,Federated States of Micronesia,3,0,0,0
GAB,Gabon,5,0,0,0
GAM,The Gambia,4,0,0,0
GBR,Great Britain,376,18,16,18
GBS,Guinea-Bissau,4,0,0,0
GEO,Georgia,30,1,2,4
GEQ,Equatorial Guinea,3,0,0,0
GER,Germany,425,16,9,10
GHA,Ghana,14,1,0,0
GRE,Greece,83,1,2,0
GRN,Grenada,6,1,0,0
GUA,Guatemala,23,0,0,0
GUI,Guinea,5,0,0,0
GUM,Guam,5,0,0,0
GUY,Guyana,7,0,0,0
HAI,Haiti,6,0,0,0
HKG,Hong Kong - China,42,2,1,2
HON,Honduras,21,0,0,0
HUN,Hungary,166,3,5,7
INA,Indonesia,28,3,1,1
IND,India,125,3,0,2
IRI,Iran,66,1,2,2
IRL,Ireland,116,2,1,0
IRQ,Iraq,4,0,0,0
ISL,Iceland,4,0,0,0
ISR,Israel,90,2,1,0
ISV,Virgin Islands,4,0,0,0
ITA,Italy,372,18,7,10
IVB,British Virgin Islands,3,0,0,0
JAM,Jamaica,50,3,3,1
JOR,Jordan,14,1,0,1
JPN,Japan,552,15,22,10
KAZ,Kazakhstan,93,7,0,0
KEN,Kenya,85,2,1,2
KGZ,Kyrgyzstan,16,1,0,2
KIR,Kiribati,3,0,0,0
KOR,South Korea,236,9,6,4
KOS,Kosovo,11,0,2,0
KSA,Saudi Arabia,29,0,0,0
KUW,Kuwait,11,1,0,0
LAO,Laos,4,0,0,0
LAT,Latvia,33,1,1,0
LBA,Libya,4,0,0,0
LBN,Lebanon,8,0,0,0
LBR,Liberia,3,0,0,0
LCA,Saint Lucia,5,0,0,0
LES,Lesotho,2,0,0,0
LIE,Liechtenstein,5,0,0,0
LTU,Lithuania,41,0,0,0
LUX,Luxembourg,12,0,0,0
MAD,Madagascar,6,0,0,0
MAR,Morocco,50,0,1,0
MAS,Malaysia,30,1,0,0
MAW,Malawi,5,0,0,0
MDA,Moldova,19,0,0,0
MDV,Maldives,4,0,0,0
MEX,Mexico,164,3,0,0
MGL,Mongolia,43,2,0,1
MHL,Marshall Islands,2,0,0,0
MKD,North Macedonia,8,0,0,1
MLI,Mali,4,0,0,0
MLT,Malta,6,0,0,0
MNE,Montenegro,34,0,0,0
MON,Monaco,6,0,0,0
MOZ,Mozambique,10,0,0,0
MRI,Mauritius,8,0,0,0
MTN,Mauritania,2,0,0,0
MYA,Myanmar,3,0,0,0
NAM,Namibia,11,0,0,1
NCA,Nicaragua,8,0,0,0
NED,Netherlands,274,11,7,9
NEP,Nepal,5,0,0,0
NGR,Nigeria,52,1,0,1
NIG,Niger,7,0,0,0
NOR,Norway,75,1,2,2
NRU,Nauru,2,0,0,0
NZL,New Zealand,223,6,7,6
OMA,Oman,4,0,0,0
PAK,Pakistan,10,0,0,0
PAN,Panama,10,0,0,0
PAR,Paraguay,8,0,0,0
PER,Peru,34,0,0,0
PHI,Philippines,19,1,1,1
PLE,Palestine,5,0,0,0
PLW,Palau,3,0,0,0
PNG,Papua New Guinea,8,0,0,0
POL,Poland,210,4,4,3
POR,Portugal,92,2,1,1
PRK,North Korea,0,0,0,0
PUR,Puerto Rico,37,0,1,0
QAT,Qatar,16,0,2,0
ROU,Romania,101,0,1,3
ROC,Russian Olympic Committee,328,21,16,22
RSA,South Africa,177,0,1,2
RWA,Rwanda,6,0,0,0
SAM,Samoa,8,0,0,0
SEN,Senegal,9,0,0,0
SEY,Seychelles,5,0,0,0
SGP,Singapore,22,0,0,0
SKN,Saint Kitts and Nevis,3,0,0,0
SLE,Sierra Leone,4,0,0,0
SLO,Slovenia,53,1,2,1
SMR,San Marino,5,2,0,1
SOL,Solomon Islands,2,0,0,0
SOM,Somalia,2,0,0,0
SRB,Serbia,86,4,1,1
SRI,Sri Lanka,9,0,0,0
SSD,South Sudan,2,0,0,0
STP,São Tomé and Príncipe,3,0,0,0
SUD,Sudan,5,0,0,0
SUI,Switzerland,106,6,3,4
SUR,Suriname,3,0,0,0
SVK,Slovakia,41,0,1,2
SWE,Sweden,134,0,2,5
SWZ,Eswatini,4,0,0,0
SYR,Syria,6,1,0,0
TAN,Tanzania,3,0,0,0
TGA,Tonga,6,0,0,0
THA,Thailand,42,1,1,0
TJK,Tajikistan,11,0,0,0
TKM,Turkmenistan,9,0,0,1
TLS,East Timor,3,0,0,0
TOG,Togo,4,0,0,0
TPE,Chinese Taipei,59,6,2,4
TTO,Trinidad and Tobago,22,0,0,0
TUN,Tunisia,63,0,1,1
TUR,Turkey,108,5,1,1
TUV,Tuvalu,2,0,0,0
UAE,United Arab Emirates,5,0,0,0
UGA,Uganda,21,1,1,1
UKR,Ukraine,155,9,1,3
URU,Uruguay,11,0,0,0
USA,United States,613,27,30,35
UZB,Uzbekistan,63,1,2,0
VAN,Vanuatu,3,0,0,0
VEN,Venezuela,44,0,1,3
VIE,Vietnam,18,0,0,0
VIN,Saint Vincent and the Grenadines,3,0,0,0
YEM,Yemen,5,0,0,0
ZAM,Zambia,24,0,0,0
ZIM,Zimbabwe,5,0,0,0
